main,symptoms,diabetes,tell,may,treat,bruxism,cause,stroke
0.032642,-0.036559,0.033484,-0.025819,-0.034686,0.014085,-0.05604,-0.061307,-0.035926
-0.037231,-0.029487,-0.046229,-0.023199,-0.05213,-0.059584,-0.067647,-0.015698,-0.046038
0.0024013,0.0014193,-0.10865,-0.0025973,-0.012657,0.00062991,0.0014307,0.033802,-0.041621
-0.03395,0.040797,-0.015682,0.021975,-0.035607,0.085713,0.013632,0.012051,0.093919
-0.04715,0.010602,0.0093512,-0.056053,-0.08114,-0.02284,0.018029,-0.043491,-0.076987
-0.08516,-0.009678,0.034496,-0.068238,0.0054494,-0.058889,0.031351,0.021205,-0.012233
0.037521,-0.015951,-0.033669,0.016477,-0.006587,-0.015956,0.022106,0.010602,-0.11955
-0.20107,-0.080105,-0.082676,-0.10757,-0.17316,-0.12783,-0.031109,-0.12713,-0.083996
-0.073209,0.013049,0.042334,-0.070467,-0.022651,0.02022,-0.020088,0.042046,0.11112
-0.019888,-0.0072451,0.040137,0.023514,-0.097581,-0.03215,-0.074682,-0.011341,-0.019053
-0.0055263,-0.044739,0.0061191,-0.10921,-0.083452,-0.097042,-0.067122,-0.075492,-0.056604
-0.10275,-0.036203,-0.00997,0.065995,-0.13089,0.063548,-0.026832,0.0926,-0.0092134
0.03541,0.060041,0.11356,0.011405,0.06605,0.062466,0.030833,0.040486,0.10393
-0.006501,-0.073131,-0.037824,0.0082134,0.0082282,-0.050065,-0.048837,-0.028786,-0.050438
0.038889,-0.014517,-0.03888,0.0052727,-0.03927,-0.021747,0.063735,-0.006267,0.0032172
0.012087,-0.018208,0.048674,-0.047113,0.031436,0.0056446,-0.027792,-0.010503,0.083377
0.094667,0.029903,0.084395,0.070423,0.18427,0.039324,0.043112,0.091434,0.030819
0.0052583,0.051956,-0.055524,-0.025157,0.013687,0.039903,-0.010338,-0.013498,-0.043559
0.10012,0.073429,0.04965,0.10635,0.13458,0.15716,0.020404,0.1404,0.048577
0.039454,-0.018932,-0.050815,-0.025782,-0.044337,0.089494,-0.063892,-0.026032,-0.085028
-0.020994,-0.052499,-0.042282,0.0062573,0.079149,0.02684,-0.025749,-0.036114,-0.0332
0.00033256,-0.029393,0.033138,0.056009,0.010082,-0.0045084,0.037308,0.012579,0.093759
0.13052,0.011009,0.032152,0.011049,0.08017,0.057107,-0.013556,0.059104,-0.028306
0.076991,0.081992,0.067645,0.048241,0.025195,0.051655,0.024424,0.079878,0.028206
0.048822,-0.13988,-0.028839,-0.065397,-0.018741,-0.028655,-0.0062164,-0.088453,-0.0089385
0.0021764,-0.088176,-0.033674,0.015809,-0.035169,0.01403,0.0079314,-0.047287,-0.046039
-0.029412,0.0050233,0.038172,0.013883,-0.076785,0.0030417,0.021389,-0.035474,-0.0011113
0.012408,0.056832,0.0063729,0.030295,0.022698,0.060253,0.0036624,0.040576,-0.031106
0.067364,0.13609,0.055937,-0.12265,-0.056107,-0.031488,0.048182,-0.022369,0.03851
0.01298,0.040835,0.04974,-0.046491,-0.049689,0.068066,-0.06469,-0.066066,-0.0062964
-0.062344,0.026086,0.03906,-0.036217,0.047534,-0.029737,0.023252,0.031499,-0.062647
0.022168,0.01676,-0.0057788,0.052639,-0.05834,0.043867,-0.04051,-0.0091133,-0.021681
-0.011642,0.044076,0.10916,0.032007,-0.078028,-0.036314,0.0057808,0.020714,0.08793
-0.084909,-0.049352,0.0050693,0.068709,0.13303,0.071554,0.0025282,-0.067239,-0.080536
0.027656,-0.031084,-0.00082861,0.018633,0.063234,0.01346,-0.029498,-0.036721,-0.033045
-0.019193,0.0077916,0.068391,-0.036432,-0.015813,-0.018433,0.065476,0.02188,-0.024737
0.0018124,-0.080894,-0.056457,-0.019625,0.057653,0.0026067,-0.041207,-0.058472,0.010047
0.0044113,0.03249,0.01662,0.028453,0.00025213,0.033764,0.023849,-0.045754,-0.031774
0.0021477,0.082845,0.00454,-0.066379,0.030999,-0.030992,0.05062,-0.035155,0.035477
-0.020942,0.020466,0.038615,-0.0029716,0.047498,-0.009452,0.016872,-0.020295,0.026267
0.038438,0.02713,0.028738,0.031958,-0.0060433,0.035354,0.051945,0.036116,0.012207
-0.10137,-0.0294,-0.043856,-0.12556,0.10244,-0.039479,-0.035719,0.016076,-0.064232
0.038727,0.013378,-0.04351,0.044831,0.028277,-0.0069309,-0.041964,-0.014272,0.069968
-0.0027027,0.016252,-0.059009,0.070142,0.018579,0.013882,0.023225,0.012899,0.0029796
-0.0036453,0.041564,0.060122,0.011679,-0.019515,-0.018959,0.054822,-0.024737,-0.051489
0.020411,-0.011041,-0.0059546,-0.020358,-0.0025163,0.017558,-0.030865,-0.025673,0.09117
-0.0058616,0.032737,-0.062244,0.056089,0.0028224,-0.00062264,-0.033851,0.045303,-0.016935
-0.040222,0.033825,0.029923,-0.041895,-0.032921,0.065095,0.091913,-0.042125,0.022201
0.039531,-0.01541,0.020545,0.059342,0.11081,0.018532,0.042146,0.0062632,0.020897
-0.0115,0.004851,-0.0017738,-0.024707,0.012755,-0.025485,0.021778,0.03093,-0.015696
0.03786,0.023363,-0.024994,0.079581,-0.028234,0.0017506,-0.041656,0.030182,-0.024598
-0.0083908,-0.050135,0.072671,0.040119,0.0010512,0.0025339,0.0075408,0.028391,-0.012851
-0.0067898,-0.023078,0.03723,0.049291,-0.069123,-0.0098025,-0.0066524,-0.033662,-0.0014629
-0.037652,-0.094009,-0.048288,-0.088628,-0.06875,-0.10831,-0.10646,-0.022352,0.047779
0.010174,-0.056506,-0.057864,0.017974,-0.34253,-0.16157,-0.061421,-0.14016,-0.084528
0.044258,0.017778,0.024191,0.0035682,0.066966,-0.039296,-0.040479,0.032231,-0.024574
-0.018005,0.028028,0.00845,-0.0044848,0.058621,0.00033685,0.024522,0.023893,0.11956
-0.012524,-0.010929,-0.029854,-0.046144,0.033114,0.038974,0.014196,0.060452,-0.061579
-0.09641,-0.037459,0.016033,-0.10014,-0.10461,-0.050478,-0.031171,-0.04082,-0.054141
0.030206,-0.0067895,-0.018739,-0.06819,0.031978,-0.088094,0.055712,0.078423,-0.093141
-0.042725,0.030344,0.008763,-0.088006,0.045819,0.031901,-0.025219,-0.031737,-0.054916
0.015353,-0.072426,0.023193,0.004786,0.054876,-0.029824,0.0035498,-0.023063,0.0030191
0.20611,0.13394,0.0592,0.052797,0.13387,0.11388,0.018839,0.10576,0.12311
0.046929,-0.049336,0.072561,-0.070338,-0.023748,-0.084093,0.0018857,-0.076768,0.010574
0.060033,0.041837,-0.037291,0.05977,0.06322,-0.075415,-0.040825,0.084411,-0.025483
-0.0067083,-0.036339,-0.0616,0.055693,-0.0089538,-0.018742,0.010187,0.025556,0.0063807
0.0070143,0.022616,0.031871,0.0015215,0.014784,0.045956,-0.028747,0.013173,-0.10971
0.022607,-0.0067259,-0.02048,0.076079,0.029805,0.071515,0.024054,-0.0017242,0.03771
-0.011722,-0.062719,-0.057583,-0.027745,-0.03727,0.01183,-0.077404,0.040115,-0.014429
0.030575,0.0037044,-0.0034994,0.056607,-0.0033116,0.03596,0.0059577,-0.010816,-0.012613
0.015364,-0.03845,-0.070985,-0.050157,0.1294,-0.011558,-0.015615,-0.0074848,-0.080466
-0.016451,0.062537,-0.063453,0.0094148,-0.010303,-0.0087604,0.043503,0.023364,-0.0096221
0.044674,-0.035705,0.05504,0.060611,0.10716,0.13168,-0.064374,-0.0079772,0.045242
-0.0020337,-0.037115,-0.054343,0.016629,-0.029208,-0.015488,-0.082092,-0.047984,0.012151
-0.00057168,-0.098193,-0.066314,0.012217,0.029077,-0.1098,-0.058241,-0.041963,-0.01236
-0.06755,0.012525,0.041479,0.043397,0.015076,0.00069612,-0.082656,-0.0047612,0.021285
-0.02526,-0.034482,0.00023791,0.049286,-0.02438,0.05394,0.033436,0.021291,-0.066785
0.021838,-0.045323,0.00036825,-0.0044384,0.0030325,-0.028723,0.0060745,-0.062721,0.039969
0.057154,-0.031489,-0.036728,-0.032836,-0.029449,0.012673,-0.080917,-0.071982,-0.040335
0.03616,-0.0072032,-0.038235,-0.075898,-0.094931,-0.06815,-0.099004,-0.076994,0.006414
0.014531,0.011406,-0.045229,-0.06107,-0.078785,0.063928,0.019039,-0.058103,-0.030679
0.036696,0.059544,0.035955,0.041418,0.025019,0.029327,0.034571,0.12935,-0.045632
-0.082673,-0.068693,-0.17733,-0.049743,0.024099,0.039951,-0.029354,-0.035108,-0.10842
0.0892,0.048553,0.047895,0.11798,0.18086,0.12365,0.023219,0.11659,0.076734
0.060966,0.030139,0.031824,-0.14989,-0.059759,-0.045383,0.01688,0.039403,0.015454
0.03858,-0.050544,0.03135,-0.044828,-0.034571,0.05992,0.017937,-0.0026057,-0.090119
-0.043259,-0.0010156,-0.027645,-0.0028903,0.0072786,0.057061,0.014953,0.011584,0.07712
-0.065302,-0.017191,0.031057,-0.028901,-0.010409,-0.022385,0.01051,-0.017347,0.048873
-0.014583,-0.045126,0.010295,-0.02993,-0.11788,0.017259,-0.017826,-0.025574,0.15763
0.043904,-0.026195,-0.058727,-0.01386,0.010432,-0.034527,-0.028353,0.034495,-0.055653
0.08107,0.044369,0.047242,-0.022965,0.041133,-0.048542,0.032715,0.052419,0.090978
-0.012546,-0.018824,0.095181,-0.015836,0.099814,0.00012593,0.066563,0.025488,-0.025853
-0.064463,-0.080531,-0.098328,-0.14039,-0.12818,-0.13197,-0.055415,-0.12722,-0.11412
0.0079851,0.027316,0.037751,-0.16472,-0.008641,0.0065863,-0.033014,-0.076609,0.0013505
0.035456,-0.052299,-0.03945,0.04843,-0.097555,0.053627,0.042466,-0.00562,-0.017315
0.064051,-0.0010417,0.080929,-0.04868,-0.18713,-0.059809,-0.023204,-0.082295,0.041056
-0.040001,-0.032357,0.043448,0.092502,-0.018002,0.056612,-0.049358,-0.027461,-0.032475
-0.013152,0.015869,0.080581,0.051401,-0.00015811,0.05173,0.062895,-0.045871,0.056472
-0.057861,0.065672,-0.0041131,0.077502,0.0054797,0.11244,0.047114,0.033903,0.02331
0.001587,-0.012156,-0.061679,0.011846,-0.089355,0.021872,-0.018612,-0.021103,-0.011187
0.040689,0.057869,0.0036444,0.10314,-0.01748,0.0080827,-0.0085446,-0.041934,0.027189
0.0037488,0.016125,-0.018214,0.0087231,-0.019903,0.021226,0.041484,-0.056296,-0.039825
0.023652,-0.01991,0.0078706,-0.031408,0.034997,-0.092463,0.022295,0.079072,0.072916
0.036154,0.038151,-0.013104,0.033247,0.021201,-0.054267,-0.024911,0.0047903,0.026134
-0.02317,0.083825,0.059158,-0.063094,0.021611,0.01032,-0.0071763,0.0019462,0.022326
-0.17175,0.0046508,-0.026297,-0.17415,-0.16381,-0.1543,-0.026228,-0.11021,-0.024215
-0.039985,-0.018845,0.054705,0.031142,0.012813,0.013277,-0.02134,-0.036235,-0.051728
-0.051415,-0.078524,0.027733,-0.029429,-0.13127,-0.0093565,-0.020046,-0.079861,-0.090485
0.024233,-0.10761,0.0090779,0.053516,0.04151,-0.064327,0.0088052,0.042851,0.013354
0.025597,-0.03199,0.029543,0.10452,-0.061939,-0.074153,0.011381,-0.030525,-0.020106
0.051452,-0.0058465,-0.016551,0.043326,0.034948,-0.062657,-0.011058,0.053816,-0.021331
0.049077,0.00055309,0.032817,0.12141,0.02616,0.072904,0.027728,0.094405,0.019448
0.061168,0.064986,0.051238,0.089131,0.097844,0.066001,0.068947,0.072996,0.10114
0.028551,0.10238,0.06158,-0.0052967,0.056832,0.04671,0.061589,0.053169,0.10313
0.054237,0.08684,0.0022786,-0.0076433,0.012757,0.029945,0.0094565,0.071377,0.053334
-0.026456,0.036632,0.059284,-0.011981,0.024132,0.005371,0.03331,0.0041033,0.042432
-0.039315,-0.0032684,-0.034204,-0.095666,-0.09061,-0.021939,-0.090552,0.0047952,-0.021479
0.00017508,-0.0017839,-0.048667,0.045863,0.012587,-0.048469,0.027519,-0.066926,-0.02144
-0.053086,-0.039361,-0.064954,0.053121,-0.050867,-0.048547,-0.053988,-0.082194,-0.0631
-0.017956,0.023203,0.012179,-0.030194,0.065742,-0.045725,0.050907,-0.016584,0.005292
0.035853,-0.0083828,-0.058548,-0.0019935,-0.0021997,-0.0072764,-0.036919,0.0075827,0.038036
-0.0027343,-0.031948,0.0088428,-0.031924,0.048968,0.04919,0.058152,-0.053784,0.032557
0.019518,0.054025,0.0057931,0.002201,0.04691,-0.045912,-0.042237,-0.022577,-0.065888
0.044828,-0.0034445,-0.074913,0.13017,-0.02455,-0.097908,-0.024194,-0.0046196,-0.0094804
0.06544,0.1269,0.068585,0.079367,0.26704,0.12896,0.10249,0.15868,0.073004
0.059619,0.019821,0.022741,0.04992,-0.046701,0.020492,-0.0036878,0.036984,0.03008
-0.056764,-0.0061208,0.032314,-0.07953,0.032673,-0.020399,-0.0072957,0.0031012,-0.0039064
-0.21773,-0.063843,-0.066147,-0.053836,0.098622,-0.076485,-0.029408,-0.20922,-0.15213
0.052151,0.044166,0.095248,0.011174,-0.064262,-0.0036195,-0.0068798,-0.00078611,-0.10835
0.072237,0.10277,0.07904,0.19356,0.098668,0.068392,0.10736,0.071854,0.037849
0.024541,0.024621,-0.015159,-0.092699,-0.040582,-0.071609,0.1116,0.017142,-0.008777
0.037404,-0.010308,-0.05498,0.094972,-0.052474,0.060312,-0.034699,-0.040712,-0.077733
0.031964,-0.0012554,-0.044185,-0.015756,0.042837,-0.054194,0.010411,0.038689,-0.045487
-0.042843,0.018085,-0.10144,0.040642,0.090161,-0.03897,-0.080358,0.028415,-0.0092797
0.0031185,0.0027285,-0.058656,0.069194,-0.043511,-0.011082,-0.010969,0.019083,-0.061778
0.0086989,0.03422,0.050351,-0.014633,0.07565,-0.016085,0.077227,0.089171,0.029707
0.0019062,0.0095944,-0.0046151,0.0012988,-0.0077047,-0.01318,-0.062892,-0.0013449,0.15271
0.12056,0.081226,0.012565,0.1335,0.1246,0.09431,0.044791,0.10406,0.064839
4.3113e-05,0.033329,0.020365,-0.059829,0.08779,0.063081,0.047015,-0.010196,0.058781
-0.035193,0.038722,-0.022261,0.038402,0.079072,0.046668,-0.031137,-0.012556,0.013264
0.027009,0.12105,0.11116,0.017927,-0.05854,0.042626,0.088391,0.065117,0.057978
0.0043274,-0.014866,0.0067726,0.012946,0.03669,-0.1111,0.005917,-0.020626,-0.017439
0.012734,-0.10335,-0.0084227,0.033707,0.032638,0.011936,0.019548,0.022482,0.014032
-0.01742,0.011712,0.03453,0.050037,-0.073825,-4.4365e-07,-0.0017767,-0.0082377,0.063628
-0.015664,-0.0043511,-0.072617,-0.032606,0.0070975,-0.063452,-0.090189,-0.029329,-0.044449
-0.032974,-0.012222,-0.063357,-0.0099389,-0.037743,-0.068085,-0.10393,-0.0081189,-0.11207
0.041623,0.0077473,-0.018286,-0.038446,0.02192,0.062301,0.054747,0.018801,0.063008
0.036629,-0.0036928,0.023203,0.04145,-0.059105,0.0081944,-0.0381,-0.031003,-0.0037759
0.0071712,0.016438,0.047299,-0.021976,-0.010197,0.003185,0.053612,0.025809,-0.046635
0.020091,0.01982,0.0031765,-0.047612,0.074794,0.0025454,0.070239,0.069282,0.021652
-0.022165,-0.0017987,0.039656,-0.11441,-0.040484,-0.011442,0.045889,0.042931,-0.043816
0.15268,0.082545,0.044775,0.081031,0.57241,0.1099,-0.020963,0.10476,0.037404
-0.05211,0.001807,0.0359,0.00662,0.037274,0.046437,0.019362,-0.075489,0.063039
-0.16499,-0.074722,-0.031462,0.010536,-0.072415,-0.099014,-0.073965,-0.12181,-0.037375
0.090151,-0.075075,0.020656,0.039793,-0.0053433,-0.0012965,-0.012419,0.026041,0.043493
-0.01327,0.017767,0.031937,-0.098262,-0.058027,-0.07037,0.022238,0.0064622,7.4244e-05
-0.022942,-0.016876,0.02935,0.042354,-0.016397,-0.0056826,-0.072992,0.041978,-0.0077397
0.0099888,0.051294,0.017455,-0.031845,-0.045549,0.052359,0.077099,-0.019811,-0.070566
-0.004796,0.041222,0.054682,-0.011389,0.003646,0.0014765,0.03295,-0.054847,0.084794
0.13087,-0.053469,-0.088277,-0.085431,-0.11947,-0.10098,-0.0026067,-0.079029,0.020269
-0.0033307,0.049266,0.076781,0.02945,0.0090624,0.053119,-0.013432,0.064023,0.011401
0.03412,-0.088508,0.073337,0.082326,-0.037478,0.0068615,0.050895,-0.046097,-0.048949
0.0262,-0.04592,-0.11387,0.090388,-0.1078,-0.055758,-0.083518,-0.10511,-0.09995
0.046775,0.016149,-0.0062888,0.0095572,-0.009612,0.037655,-0.017919,-0.05763,-0.027565
-0.048511,0.0007033,0.011614,0.039369,0.081458,0.029259,-0.017716,0.011537,-0.088609
-0.0037277,-0.058014,-0.01235,0.00046622,-0.084611,0.026663,-0.055186,-0.062664,-0.00532
0.034387,0.010967,-0.086803,-0.028289,0.066573,0.020008,-0.0010378,0.015586,-0.011644
0.026993,-0.045232,-0.037882,0.03135,-0.056989,-0.014447,0.0059607,0.066629,-0.014192
-0.031795,0.0023761,-0.054739,0.025574,0.0064756,-0.056231,0.016644,-0.040961,-0.18402
0.036276,-0.061352,0.0248,-0.023619,0.037821,0.0041022,-0.065733,0.026582,-0.020974
0.021028,-0.011803,-0.030518,-0.0093118,0.079306,0.022617,-0.065573,0.043878,0.05252
-0.035333,-0.049355,-0.031324,-0.059609,-0.04172,-0.030062,-0.028171,-0.019726,0.045906
0.036911,0.017416,0.025793,-0.035632,0.021868,0.0021088,-0.026473,0.059584,0.023749
0.016443,0.0091787,0.033827,-0.036875,-0.050845,-0.062316,0.056617,0.0087219,0.0027744
-0.0014259,0.045556,-0.019785,0.0107,-0.014309,0.024275,0.050409,-0.02796,0.052985
0.10896,0.050429,0.07814,0.070688,0.0018397,0.069523,0.049653,0.069839,0.089941
-0.046859,-0.040965,0.027532,0.018612,0.065854,-0.059786,0.0024273,0.012305,0.053378
-0.036563,-0.093411,-0.1017,-0.063662,-0.018101,-0.038045,-0.088032,-0.017635,-0.1217
-0.087288,-0.03716,-0.061367,0.09082,-0.12202,0.008447,-0.014492,-0.0018783,-0.076632
0.053556,-0.069033,-0.019153,-0.0062089,0.00045799,-0.030422,-0.071387,-0.041321,0.050326
0.056181,0.080495,0.061762,0.068931,0.013939,0.086477,-0.018149,-0.029143,0.0019757
0.051227,0.032363,-0.10076,0.0075878,-0.017833,-0.0074981,-0.025169,-0.014219,0.029695
0.033406,-0.029127,-0.0015714,-0.0099795,0.032682,0.038895,-0.050725,-0.029139,-0.079171
-0.056956,-0.0085983,0.040195,0.025784,-0.041913,0.0408,0.011755,-0.0072903,-0.012522
0.025952,0.087305,0.03611,0.0045381,0.040332,0.058942,0.026538,-0.017082,-0.0074045
0.0059119,-0.086951,-0.083712,-0.098368,0.043815,-0.13628,-0.035671,-0.096553,-0.069992
-0.0068945,0.048926,-0.025461,0.072303,-1.3958e-05,0.038934,-0.010349,0.021425,-0.059395
0.12634,0.090536,0.10239,0.24079,0.22852,0.10574,0.10384,0.093731,0.085112
-0.036699,-0.081989,-0.059519,0.07096,0.047265,-0.011011,-0.013028,0.027131,0.020464
-0.042576,0.015274,0.034156,-0.011331,0.038009,0.038572,-0.02054,-0.079265,0.063965
0.020669,0.053647,-0.089697,-0.010612,0.068266,-0.0019326,0.013561,0.057881,-0.026027
0.16185,0.032394,-0.012399,0.14318,0.28421,0.032047,0.026489,0.046023,-0.040228
0.04327,-0.13873,-0.087825,-0.23913,-0.25588,-0.14173,-0.16463,-0.062486,-0.054036
0.033883,-0.013194,-0.0049167,-0.0087667,-0.0064382,-0.083516,0.068261,-0.0085217,-0.05191
0.012375,0.030763,-0.030114,0.037534,0.0033168,-0.064956,-0.016664,-0.00048074,-0.065113
0.039147,0.023716,0.0023453,0.010623,0.021031,0.019475,0.078309,0.0051332,-0.039602
-0.0040106,0.038411,-0.055896,-0.044158,-0.001096,-0.011426,0.011485,0.099028,0.032329
-0.059361,0.052129,0.0065523,-0.0066087,-0.0035618,-0.036006,0.01906,0.046085,0.042222
-0.019248,0.042458,0.018431,-0.031999,-0.04892,-0.0070729,0.014664,0.016398,0.0014974
0.060332,0.012151,0.02649,0.092041,0.039996,0.02597,-0.014169,0.017128,0.014439
-0.19755,-0.12626,-0.11635,-0.1512,-0.13234,-0.20609,-0.14424,-0.23143,-0.1151
0.10563,0.044992,0.0084565,0.045819,0.051961,0.12872,-0.024064,0.079397,0.094802
-0.046314,-0.092452,-0.0413,-0.055871,0.041299,0.049301,-0.078203,0.013645,-0.060532
-0.020976,-0.08311,-0.067323,-0.064659,0.12236,-0.041538,0.028147,0.018898,0.049875
0.025138,0.061832,-0.02204,0.096469,0.0095129,0.034596,0.095823,0.054147,0.019139
0.030081,0.023782,0.019652,-0.021272,0.033341,-0.061737,0.088885,0.066095,-0.091656
0.014175,0.079715,-0.018757,0.026856,0.060774,0.076728,0.035257,0.071292,-0.00059969
0.029693,-0.020991,0.019001,-0.0063262,-0.038785,-0.032013,0.011283,-0.013215,0.012452
0.051887,-0.1035,-0.13777,-0.024023,-0.0035042,-0.014504,-0.029668,-0.041183,-0.099764
-0.020078,-0.040247,-0.036001,0.022049,-0.3243,-0.023604,-0.064518,-0.01371,-0.094432
0.23412,0.065525,0.11584,-0.063879,-0.13535,0.02039,0.061983,0.0569,0.13577
-0.0966,0.054499,-0.013069,-0.027053,0.036057,0.038143,0.061369,0.042857,-0.036181
-0.086671,0.063373,0.041235,0.035464,0.21807,0.10194,0.052144,0.031525,0.072012
0.0013644,0.010622,0.086084,-0.0018401,0.0034669,0.12571,0.0070508,-0.023761,0.13019
-0.10751,0.093364,0.087937,-0.06186,-0.16031,0.042276,0.14516,0.10258,0.080295
0.053577,0.021767,0.049967,-0.13877,-0.025092,0.14174,0.030564,-0.014392,0.021705
-0.058807,0.013987,-0.018919,0.015164,-0.0060045,-0.0056889,0.00074281,-0.018172,0.039086
0.06175,0.056062,0.0056113,-0.014522,0.010674,0.024908,-0.00079795,0.011152,-0.023218
0.041288,-0.0663,-0.048303,-0.0071099,-0.0090193,-0.08628,-0.0018317,0.065749,-0.025264
-0.0091621,-0.051843,-0.068572,0.020317,-0.1041,-0.013357,-0.035778,-0.11191,-0.086626
0.05538,-0.022747,-0.064198,0.050465,-0.057629,0.0025634,-0.035827,-0.0049089,-0.12732
-0.01151,-0.00011605,-0.055827,-0.064539,-0.049898,-0.0020696,0.027332,-0.040069,-0.12228
-0.049556,-0.023432,-0.04351,0.025984,-0.0047278,-0.025224,-0.10125,-0.080298,-0.065785
0.1408,0.092042,0.061864,0.14229,0.13989,0.13186,0.032636,0.14245,0.10835
0.019517,0.091469,-0.0087322,0.095051,-0.070561,-0.01994,0.0058206,0.041399,-0.022465
0.015741,0.071888,0.074255,-0.041214,-0.049313,0.050417,-0.038839,0.013211,0.030528
-0.0019833,-0.024561,0.0006187,-0.0020278,0.12108,0.0093147,-0.012527,0.0058384,0.078915
0.11216,0.047686,0.075295,0.15677,0.14398,0.13105,0.11581,0.12783,0.065146
0.071272,0.02118,-0.015511,-0.031931,-0.05868,-0.045297,-0.020392,-0.044192,0.084948
-0.092792,-0.031676,-0.060998,0.055949,-0.011093,0.040193,-0.010675,-0.055114,0.00017989
0.023605,0.032028,-0.045042,0.068277,0.031155,-0.036184,0.076347,-0.017403,-0.028335
-0.11657,-0.034988,-0.043444,-0.24095,-0.1527,-0.067255,-0.071185,-0.12622,-0.11146
-0.077895,-0.092157,-0.05019,-0.26546,-0.11062,-0.080691,0.0046246,-0.18112,-0.028159
-0.028192,-0.0086243,-0.00094233,-0.022714,0.04684,-0.046138,-0.031824,-0.052797,-0.1055
-0.0047826,0.063234,0.032705,0.12,0.076285,0.14904,0.055361,0.049087,0.054405
-0.0080441,-0.0069416,0.1266,0.039936,0.0078812,0.038562,0.060694,-0.026717,-0.0027284
-0.02325,0.054114,0.00085667,0.019174,0.026466,-0.041409,0.010424,-0.011922,-0.045869
-7.7999e-05,-0.061923,0.063198,-0.055026,-0.016733,0.043418,0.0092635,-0.0051707,-0.037952
-0.055005,0.065503,0.030807,0.052419,0.062963,0.035682,0.013189,-0.0061692,0.0060175
0.011917,-0.026842,-0.0014581,-0.022463,-0.060006,-0.035758,-0.00025124,-0.073745,0.022256
0.12027,-0.0022894,0.02604,0.28053,0.27913,0.19781,0.013753,0.14801,0.089602
0.048369,0.010102,-0.064053,-0.016333,-0.0085749,-0.00058287,0.038048,-0.0077492,-0.025309
-0.055311,-0.029297,0.012385,0.022885,-0.090926,0.022653,-0.081915,-0.03411,-0.10341
0.0086017,-0.04491,-0.070348,0.025562,0.01727,-0.014207,-0.041408,0.016841,0.016876
-0.28979,-0.032668,0.015389,-0.18915,-0.10363,-0.14954,-0.037843,-0.19069,-0.073429
0.045535,0.049854,0.098561,-0.054672,0.0062981,0.038972,0.046644,0.04357,0.0046591
-0.021632,0.035622,0.060168,0.022804,0.032828,0.041555,-0.0044751,0.040976,0.030574
0.042186,-0.046708,-0.022463,0.053273,-0.012258,-0.027468,-0.042924,0.016327,0.028903
0.045887,-0.017247,0.04343,0.03731,0.042849,-0.0012577,0.018513,-0.0064393,0.088262
0.034882,-0.01743,0.013361,-0.059753,-0.075609,-0.032082,-0.055624,-0.045268,-0.027344
-0.023536,0.012276,-0.031947,0.096341,-0.02523,-0.030363,-0.050899,-0.040179,-0.029391
0.046307,0.095141,0.018721,-0.0001171,0.0017727,0.034736,0.11128,0.064992,0.034087
-0.0071165,0.059979,0.0062217,0.0063694,0.050658,-0.0095614,0.031736,0.044234,0.0008492
0.028819,6.4466e-05,-0.092936,0.0041991,0.047514,0.12147,-0.051007,0.047453,0.0044365
-0.0066693,-0.025892,0.007034,0.020746,-0.010012,-0.013023,0.01783,-0.023071,0.054023
-0.007543,-0.014011,-0.0098063,-0.067233,0.048083,-0.0050622,-0.029597,-0.028541,0.00016702
-0.017252,0.017044,-0.022417,-0.057641,0.0055959,-0.0078987,0.091213,0.013844,0.015073
0.088907,0.018394,-0.043007,0.20131,0.040913,0.11429,-0.012353,0.10572,-0.028996
-0.0031158,0.043441,0.073577,-0.048909,-0.038425,0.038619,0.019581,0.0098464,-0.0076866
-0.026339,-0.080245,0.015396,-0.015866,-0.034687,-0.031168,-0.10769,-0.017592,0.028657
0.01991,-0.01282,-0.053772,-0.073474,-0.0047982,-0.032924,0.011754,-0.013756,-0.068496
0.026598,0.029427,-0.0020945,-0.011814,-0.031972,0.026664,-0.068087,-0.0021308,0.016582
0.025374,-0.0054104,-0.024763,-0.0015193,-0.072512,-0.0083791,-0.0056036,-0.0027823,0.017813
-0.048461,-0.065894,0.0013745,-0.092747,-0.11388,-0.071679,-0.082419,-0.092332,-0.075182
0.011254,0.041058,-0.0015229,0.018996,0.073673,-0.0078366,-0.0077979,-0.017588,-0.0009408
-0.0066347,-0.093339,-0.072275,-0.048708,-0.039325,-0.0091315,-0.00069879,-0.025685,0.0082678
-0.086211,0.014831,-0.0090981,0.028016,-0.032679,0.0041689,0.022651,-0.09458,0.026018
-0.011805,0.03087,0.051719,0.074326,-0.071031,-0.058147,0.025774,0.052395,0.047561
0.013386,-0.01339,0.020828,0.083149,-0.012661,-0.035481,-0.044481,5.2552e-05,0.084188
-0.065634,0.0031508,0.066823,0.0079856,0.074624,0.10584,0.056307,-0.0081635,0.031145
0.076616,-0.08117,-0.031191,-0.076403,0.034124,0.0085019,-0.027394,0.054872,-0.09886
0.15439,0.06818,0.057768,0.11146,0.156,0.12659,0.072715,0.095425,0.091554
-0.12382,-0.11232,-0.10525,-0.14495,-0.17953,-0.16592,-0.075409,-0.13631,-0.13055
-0.062642,-0.065429,-0.02234,-0.029261,-0.068297,-0.065736,-0.03033,-0.081296,-0.034744
0.14549,0.11386,-0.038805,0.037288,0.1361,-0.026549,0.072875,0.075022,0.0083863
-0.054194,-0.060214,-0.021853,-0.069717,-0.068843,-0.047286,-0.037955,-0.086865,-0.089097
0.032197,0.0055581,-0.074974,0.019573,-0.029194,0.00094544,-0.0062304,-0.037074,0.064389
0.056437,-0.048448,-0.013896,-0.080904,-0.085786,0.043923,0.043539,-0.011108,0.049798
0.07242,-0.049742,0.0079457,-0.0066575,-0.004119,-0.029657,0.015691,-0.0012945,0.070869
-0.022828,-0.030785,0.046994,-0.045504,0.0061297,-0.023712,0.0097561,0.0034402,0.054353
0.15809,0.060074,0.045334,-0.14053,-0.34097,0.019013,0.019705,-0.0077584,0.062891
-0.0073269,0.01954,-0.052866,-0.035299,-0.072798,0.00034657,0.036628,0.0049785,-0.032188
0.10642,0.035617,0.0087582,-0.029247,0.02926,-0.064897,-0.00055927,-0.0095978,0.065119
0.0015988,0.011957,0.010102,-0.0092391,-0.091198,-0.029722,0.064318,-0.032563,0.0068234
0.089113,0.0238,-0.019926,0.065279,0.023435,-0.020046,-0.050806,-0.023354,-0.0090975
0.020752,0.043905,0.015393,0.01553,-0.0060824,0.026261,0.066786,0.0074502,0.037778
0.038699,-0.0045448,0.061094,0.04288,-0.0043182,0.038758,0.03145,0.015171,-0.016623
-0.069236,0.076783,0.0056166,-0.065488,-0.019231,-0.041957,0.062804,0.05293,0.040527
0.023015,-0.013076,0.018593,0.0050125,0.02346,-0.010247,0.0063686,0.045831,0.044614
0.023604,-0.017926,0.017221,-0.018172,-0.04667,0.051937,-0.044938,0.051442,0.02723
-0.019883,0.038731,0.082422,-0.021063,0.0071924,-0.019607,0.02949,0.022148,0.065047
0.080964,0.029124,-0.046088,0.0043153,-0.045226,-0.010465,-0.0046416,0.031997,0.024881
-0.033277,-0.074901,-0.082906,0.019546,-0.039113,0.0051031,-0.030677,-0.076258,-0.081558
0.0047615,-0.034574,-0.023699,-0.024429,0.049036,-0.043755,-0.092273,0.038299,-0.026931
0.054009,-0.018451,0.0093789,-0.0094496,-0.049595,0.018004,-0.025053,-0.031284,0.062197
0.010545,0.00061685,-0.014459,-0.070704,-0.022377,-0.12076,0.0040412,-0.089445,0.096645
-0.0071286,-0.024917,0.031834,0.02491,0.0078474,0.070324,0.028317,0.036551,0.053771
0.049764,-0.011387,0.026853,-0.016693,0.050538,-0.011497,0.061069,0.047646,-0.089673
-0.0017378,0.039811,-0.019586,0.02386,-0.034755,0.036536,-0.064138,0.037102,0.012125
0.033879,0.015506,0.043128,0.018651,0.082807,-0.0099437,0.010291,0.083373,0.075829
